seqIndex,prediction,distToMargin,P(-1),P(+1)
1,-1,-0.01210105348058193,0.5,0.5
2,1,0.1136883140874082,0.3993833019949063,0.6006166980050939
3,1,0.010843352563814584,0.4835468939339494,0.5164531060660508
4,1,1.1585929530994414,0.020956527434409608,0.9790434725655902
5,1,1.3038090855225142,0.013100303020604087,0.9868996969793961
6,1,0.8678373367002324,0.05274880826466984,0.94725119173533
7,1,1.1743909224088853,0.01991631368272949,0.9800836863172707
8,1,1.0090010373326028,0.03382600104352102,0.9661739989564788
9,1,0.6022075740505425,0.1177523906529615,0.8822476093470385
10,1,0.8778259361403549,0.051132025843349097,0.948867974156651
11,1,0.9634250041645315,0.03908071241735473,0.9609192875826453
12,1,0.7313004807350209,0.08024254455555319,0.9197574554444471
13,1,0.6056722685100226,0.11657083254559882,0.883429167454401
14,1,0.040026970649262944,0.45959165843509864,0.5404083415649014
15,1,0.7484744789496616,0.07617040672889853,0.9238295932711015
16,1,0.6122703022387822,0.11434934808839435,0.8856506519116055
17,1,0.8568411890377705,0.05458446516763673,0.9454155348323634
18,1,0.8940890175950095,0.048599576015665204,0.9514004239843349
19,1,1.3789223609015397,0.010260658341830256,0.9897393416581698
20,1,0.9313189793739455,0.0432431962750113,0.9567568037249887
21,1,1.0722574853949944,0.02764873409044819,0.9723512659095519
22,1,1.5102848181570712,0.006683094847936712,0.9933169051520635
23,1,0.24119642986321488,0.3049004882363688,0.6950995117636315
24,1,0.11742495947102985,0.396324827944819,0.603675172055181
25,1,0.2013060040400215,0.33341831699844404,0.6665816830015562
26,1,0.7462345226825373,0.07669052395600695,0.923309476043993
27,1,0.24726557402038402,0.30068309540673194,0.6993169045932681
28,1,0.38668476287360765,0.21364561134755244,0.7863543886524477
29,1,0.2007014945596367,0.333860701787774,0.6661392982122261
30,1,0.20375190067352925,0.33163138929523894,0.6683686107047612
31,1,0.17243455591594117,0.35486301126576764,0.6451369887342321
32,1,0.14650544137079374,0.37243429618604573,0.6275657038139543
33,1,0.0868690138974183,0.4212976764752855,0.5787023235247145
34,1,0.2973243180917882,0.26720901881479553,0.7327909811852047
35,-1,-0.08208110133980122,0.5596361605877263,0.4403638394122736
36,-1,-0.03678784281510743,0.5227198345903085,0.47728016540969165
37,-1,-0.22224614046661642,0.6652379181121562,0.3347620818878439
38,-1,-0.2716609150074084,0.7035088863012278,0.2964911136987721
39,-1,-0.5408558488436725,0.8519715544967833,0.14802844550321656
40,-1,-0.908125369540664,0.9487501144498421,0.05124988555015778
41,-1,-0.6027825672172391,0.8758808833194361,0.12411911668056369
42,-1,-1.1714959984930982,0.9782522143830844,0.021747785616915673
43,-1,-0.9549735242094484,0.9559406754019961,0.0440593245980039
44,-1,-1.3912233209465874,0.9894305255675316,0.01056947443246831
45,-1,-1.3936504165353647,0.9895145397948515,0.010485460205148544
46,-1,-1.548334620688008,0.9936960942471674,0.006303905752832547
47,-1,-0.9505746055460712,0.9553092231190008,0.04469077688099917
48,-1,-0.8258035350830328,0.936320236479297,0.06367976352070284
49,-1,-0.7513291289564815,0.9200442780765881,0.07995572192341201
50,-1,-0.8406846588739794,0.9391791618715761,0.06082083812842379
51,-1,-1.2745019932417512,0.9844889340510786,0.015511065948921354
52,-1,-1.518051342556186,0.9930356269463343,0.006964373053665614
53,-1,-1.1700662897863014,0.9781500830671855,0.021849916932814354
54,-1,-1.0389358440871967,0.9664566505567098,0.03354334944329022
55,-1,-1.2441544941084772,0.9828637914259613,0.01713620857403879
56,-1,-1.0642206825859555,0.9691112433740569,0.03088875662594325
57,-1,-0.9194115263903072,0.950579092538917,0.04942090746108294
58,-1,-1.0578400733754165,0.968461501534608,0.03153849846539203
59,-1,-1.313069953285494,0.9863346955107498,0.013665304489250159
60,-1,-1.1191787273743492,0.9741885298635454,0.02581147013645448
61,-1,-0.969277059520859,0.9579347635577562,0.04206523644224382
62,-1,-0.6782631016064014,0.9004686318735513,0.0995313681264489
63,-1,-0.6576162222333207,0.894209613125399,0.1057903868746008
64,1,0.04996772805191076,0.4514511894742925,0.5485488105257076
65,-1,-0.1427559655774331,0.6074276122409319,0.3925723877590682
66,1,1.344768948871467,0.011467259466096651,0.9885327405339032
67,1,0.9974252851369892,0.03509227867688262,0.9649077213231175
68,1,0.8582667270312843,0.05434313641058807,0.945656863589412
69,1,0.9182094370148127,0.04506176892885851,0.9549382310711416
70,1,0.8463944358787424,0.05638405408929468,0.9436159459107054
71,1,0.6337143758411112,0.10738411868379621,0.8926158813162038
72,1,0.6676953143861035,0.09711583114275799,0.902884168857242
73,1,0.5448824798878318,0.13885795650918004,0.8611420434908198
74,1,0.7845053903022661,0.06823932136029788,0.9317606786397022
75,1,0.5942004324433384,0.12052305166694507,0.8794769483330549
76,1,0.19559692775490853,0.3376078714990316,0.6623921285009686
77,1,0.19396575377298575,0.33880962677209375,0.6611903732279063
78,1,0.6909820276378068,0.09059708714089022,0.9094029128591098
79,1,0.6569171506136694,0.10027344331766681,0.8997265566823328
80,1,0.925694838472982,0.0440146456382441,0.9559853543617559
81,1,1.4076667247018586,0.009343145334071292,0.9906568546659287
82,1,1.5022988151081988,0.006859866587345097,0.9931401334126548
83,1,0.6849141798804427,0.09225647070066026,0.9077435292993399
84,1,1.2626810711143694,0.0149704251067415,0.9850295748932585
85,1,1.2843134761109491,0.013956175951842604,0.9860438240481573
86,1,0.23794362876188013,0.30717443788081317,0.6928255621191868
87,1,0.04479678614396058,0.4556844366879227,0.5443155633120773
88,1,0.14150098890799145,0.3765592664307706,0.6234407335692292
89,1,0.3603601459612497,0.22857458146524354,0.7714254185347564
90,1,0.1559288735458249,0.36464783345605,0.63535216654395
91,1,0.282228609957081,0.27705121583532843,0.7229487841646715
92,1,0.07716461861869389,0.4292215599132187,0.5707784400867814
93,1,0.0650319639089052,0.4391322354486753,0.5608677645513248
94,-1,-0.020948384817523445,0.5097018599325547,0.49029814006744554
95,1,0.07088651823656889,0.4343490027023498,0.5656509972976501
96,-1,-0.03293485523155574,0.5195557745315114,0.48044422546848864
97,1,0.3851657473389825,0.21448755393565844,0.7855124460643415
98,-1,-0.24947842465372086,0.6880560843370565,0.31194391566294344
99,1,0.044310257546564764,0.4560828740218896,0.5439171259781105
100,-1,-0.35300761928079116,0.7561755904477471,0.24382440955225285
101,-1,-0.1832844198022857,0.6376687423053914,0.36233125769460883
102,-1,-0.982524690360086,0.9597033579491634,0.04029664205083665
103,-1,-0.750915958619837,0.9199441752631011,0.0800558247368991
104,-1,-1.0125468055208056,0.9634477188927889,0.03655228110721094
105,-1,-1.118304860792095,0.9741146368535777,0.025885363146422383
106,-1,-1.141350571582217,0.9759951388727867,0.024004861127213225
107,-1,-1.5761578144763562,0.9942475917570218,0.005752408242978141
108,-1,-1.6626970506259862,0.9956731713014594,0.004326828698540658
109,-1,-1.4458041578672876,0.9911671825085233,0.008832817491476743
110,-1,-0.99306568767326,0.9610587544097493,0.03894124559025081
111,-1,-0.8937732855430683,0.9463306090218059,0.05366939097819422
112,-1,-1.0999727095624865,0.9725154270797312,0.02748457292026886
113,-1,-0.9599031505954011,0.956638052288797,0.04336194771120317
114,-1,-1.3434344453184817,0.9876324763606797,0.012367523639320237
115,-1,-1.271475803266648,0.9843340159611634,0.015665984038836525
116,-1,-1.157550429179732,0.9772354730686783,0.02276452693132164
117,-1,-1.3217135069342647,0.9867173554089178,0.013282644591082216
118,-1,-1.2345727214177964,0.9823163090454152,0.017683690954584826
119,-1,-0.9635973519063528,0.9571536389459403,0.04284636105405989
120,-1,-1.1039216851700897,0.9728679584537804,0.02713204154621948
121,-1,-1.2179331978794516,0.9813239311714642,0.018676068828535737
122,-1,-1.2184277165688744,0.9813542071242103,0.018645792875789744
123,-1,-1.0180207827078125,0.964092828354978,0.03590717164502205
124,-1,-0.9506822413957582,0.9553247778593292,0.04467522214067071
125,-1,-0.5126946756632145,0.8398957704503384,0.16010422954966144
126,-1,-0.1906632334305502,0.6430051695787352,0.3569948304212648
127,1,1.1325913219540107,0.022785332368376824,0.9772146676316233
128,1,1.1798621556508457,0.019567979160033024,0.9804320208399668
129,1,0.5721465476640004,0.12844801646596465,0.8715519835340354
130,1,0.9183350506491723,0.04504400284505231,0.9549559971549478
131,1,0.5897810381012619,0.12207638464745696,0.877923615352543
132,1,0.6663290273832132,0.09751110392016887,0.9024888960798311
133,1,0.7204213306833779,0.08292444721537691,0.917075552784623
134,1,0.33142889092631683,0.2458056895717522,0.7541943104282478
135,1,0.4750759215303495,0.16875302367031061,0.8312469763296894
136,1,0.8852477079404792,0.049961197259295397,0.9500388027407045
137,1,0.17695634041182154,0.3514629452778343,0.6485370547221658
138,1,0.3582431282947765,0.2298062867232942,0.7701937132767057
139,1,0.14182900671297283,0.3762890956526228,0.6237109043473771
140,1,0.4807576096393164,0.16614012879721632,0.8338598712027836
141,1,0.7298039578623331,0.080606689323347,0.9193933106766531
142,1,1.4299475409926947,0.008688269030759104,0.9913117309692409
143,1,1.4346350901871137,0.008556395740407598,0.9914436042595922
144,1,1.2457997577000894,0.01581200766583899,0.984187992334161
145,1,0.8782983136194347,0.05105673819419219,0.9489432618058078
146,1,1.063213305030202,0.028459745025162127,0.9715402549748379
147,1,1.222331082555707,0.017059742559390828,0.9829402574406092
148,1,0.1698393141185419,0.3531027516837558,0.6468972483162443
149,-1,-0.019147043312967814,0.5082200371159362,0.4917799628840638
150,-1,-0.2187707230403293,0.6628395857913115,0.3371604142086885
151,1,0.2705458644532051,0.2848195750087603,0.7151804249912397
152,1,0.05403513778996452,0.4481231407585612,0.5518768592414388
153,1,0.14107536057332026,0.3769097929349087,0.6230902070650913
154,-1,-0.2064079947348952,0.6542119534702435,0.3457880465297564
155,-1,-0.1385150632322758,0.6041767152127107,0.39582328478728934
156,-1,-0.10285317682188311,0.576277085980133,0.42372291401986706
157,-1,-0.04229201954575584,0.5272358012568069,0.4727641987431932
158,1,0.04756740209717505,0.4534159184074586,0.5465840815925413
159,1,0.21293389406391874,0.3249666668635101,0.6750333331364895
160,-1,-0.18112364519814228,0.6360959202964225,0.3639040797035775
161,-1,-0.0865155627879266,0.5632084705445831,0.43679152945541694
162,-1,-0.2727653014024622,0.7042665739815104,0.2957334260184896
163,-1,-0.6230049004816474,0.8829381617913462,0.1170618382086537
164,-1,-0.8411085749950102,0.9392588190541425,0.060741180945857634
165,-1,-1.1394170739910898,0.9758427034037437,0.024157296596256397
166,-1,-0.9575916296309276,0.9563123904708215,0.04368760952917852
167,-1,-1.2947822435426053,0.9854884899084644,0.01451151009153565
168,-1,-1.3513226731997598,0.9879490182253194,0.012050981774680511
169,-1,-1.8355086646163215,0.9975500506639727,0.0024499493360271734
170,-1,-1.5808006113309254,0.9943348059326083,0.005665194067391735
171,-1,-1.4783235746014476,0.9920632362332987,0.007936763766701356
172,-1,-1.0601626104996775,0.9686995473510189,0.03130045264898105
173,-1,-1.2292352592524227,0.9820038316700751,0.017996168329924966
174,-1,-1.2208232303082438,0.9815001789301339,0.018499821069866206
175,-1,-1.0367260796425188,0.9662142881205278,0.033785711879472206
176,-1,-1.1427880824457484,0.9761078538135686,0.023892146186431353
177,-1,-1.2693685892357256,0.9842252338135247,0.015774766186475296
178,-1,-1.453942454300916,0.9914004864375688,0.00859951356243119
179,-1,-1.3035119486097841,0.9858987502036207,0.014101249796379351
180,-1,-1.1195528712684968,0.9742201032221566,0.025779896777843394
181,-1,-1.143090120378052,0.9761314698727892,0.023868530127210734
182,-1,-1.258956859560441,0.9836766077270483,0.016323392272951712
183,-1,-1.1438276769466715,0.9761890416704566,0.023810958329543445
184,-1,-1.2045334161565102,0.980484703695914,0.019515296304085956
185,-1,-1.002944757486723,0.9622886602426061,0.037711339757393936
186,-1,-0.7666690757003515,0.9236808123132604,0.07631918768673979
187,1,1.0380991675450337,0.0308345431374696,0.9691654568625303
188,1,0.9734143559032832,0.037865848334428354,0.9621341516655715
189,1,0.7535084416596836,0.07501336008898629,0.9249866399110137
190,1,0.6584036900550017,0.09983254261240065,0.9001674573875993
191,1,0.5745209098440134,0.12757380293204898,0.8724261970679511
192,1,0.4128312772153692,0.19952818949532145,0.8004718105046786
193,1,0.7491690806364952,0.0760097816027332,0.9239902183972668
194,1,0.41593467409831547,0.19789954523045156,0.8021004547695485
195,1,0.25504696354182693,0.2953248528579393,0.7046751471420606
196,1,0.5983623394289123,0.11907593671732426,0.8809240632826756
197,1,0.4451810193507198,0.18303897019793552,0.8169610298020645
198,1,0.34311542517763693,0.2387420258309533,0.7612579741690465
199,1,0.32455522264166936,0.25002528249905526,0.7499747175009448
200,-1,-0.044203663014051486,0.5288029421511194,0.4711970578488805
201,1,0.5545528447943591,0.13508668651506944,0.8649133134849304
202,1,1.2320886160922093,0.016529641868932708,0.9834703581310674
203,1,1.4669976033601377,0.007698540353569544,0.9923014596464302
204,1,1.1957506240412905,0.018589895488012608,0.9814101045119874
205,1,1.4198918131291078,0.00897799639529009,0.99102200360471
206,1,0.6937329284361669,0.0898537368381378,0.9101462631618622
207,1,1.0126633440831336,0.03343463150416568,0.9665653684958342
208,1,1.1129130182441052,0.024272041684766515,0.9757279583152334
209,1,0.0999882310577121,0.410583619521343,0.5894163804786571
210,-1,-0.36894414481945337,0.7657168611192252,0.2342831388807748
211,-1,-0.2901234930922441,0.716026249276436,0.28397375072356373
212,1,0.1801666007132999,0.34905814273710406,0.6509418572628961
213,-1,-0.0956424157706997,0.5705281823252171,0.4294718176747829
214,1,0.024345652974289922,0.4724535191373218,0.5275464808626783
215,-1,-0.3075429840248368,0.7275392347248643,0.2724607652751356
216,-1,-0.24195574294211358,0.682716744502033,0.3172832554979669
217,-1,-0.2032075897190315,0.6519538608771321,0.34804613912286775
218,1,0.04228547432142275,0.4577413042268075,0.5422586957731925
219,-1,-0.11084610828835345,0.5826109059728515,0.41738909402714863
220,1,0.26489231593513685,0.28862551155689364,0.7113744884431062
221,-1,-0.3103253133571126,0.7293508705821313,0.27064912941786873
222,-1,-0.26634028216827854,0.6998428761407562,0.30015712385924354
223,-1,-0.691658476109274,0.9043512413108696,0.09564875868913052
224,-1,-0.5057591131852807,0.8368020331271201,0.1631979668728802
225,-1,-0.898403087568686,0.9471227856805697,0.05287721431943009
226,-1,-1.083610978014064,0.9710060224475486,0.02899397755245144
227,-1,-1.1202034158975593,0.9742749107207416,0.025725089279258352
228,-1,-1.502417975123228,0.9926680535119224,0.007331946488077687
229,-1,-1.6276498116157698,0.9951442033133896,0.004855796686610427
230,-1,-1.7542871833063105,0.9967992130730445,0.0032007869269553833
231,-1,-1.6225450031980986,0.9950619411149697,0.004938058885030152
232,-1,-1.534625890051802,0.9934052427504096,0.006594757249590479
233,-1,-1.379705987595893,0.9890226036612066,0.010977396338793383
234,-1,-1.3415941721288653,0.9875574444010986,0.01244255559890146
235,-1,-1.2984084131994622,0.9856603292257792,0.01433967077422083
236,-1,-1.174030145400374,0.9784320796891086,0.021567920310891397
237,-1,-1.1517283028212053,0.9767971867601201,0.02320281323987981
238,-1,-1.6015353285584897,0.9947084541451728,0.0052915458548271925
239,-1,-1.4341587563631486,0.9908223047738305,0.009177695226169428
240,-1,-1.1792297744697855,0.9787965265475457,0.02120347345245433
241,-1,-1.3657992060969992,0.9885090654131135,0.011490934586886525
242,-1,-1.2843597642318594,0.984983078646459,0.015016921353541171
243,-1,-1.1880412557458069,0.9794002367884997,0.02059976321150038
244,-1,-1.0641838995476463,0.9691075357104032,0.030892464289596744
245,-1,-1.188024822259357,0.9793991268909564,0.020600873109043544
246,-1,-0.8155878408011435,0.9342856240935415,0.06571437590645836
247,1,0.8878203332376782,0.049561310343176714,0.9504386896568233
248,1,0.5505188290241766,0.13664923289311154,0.8633507671068884
249,1,0.8376748240454487,0.057928718748360926,0.9420712812516391
250,1,0.32243280913399125,0.25133786093990923,0.7486621390600907
251,1,0.41444021023819555,0.1986825880317184,0.8013174119682817
252,1,0.47859444361434295,0.16713110354277988,0.83286889645722
253,1,0.4414846019703449,0.18486864669105696,0.815131353308943
254,1,0.3259042462882595,0.2491933666472724,0.7508066333527273
255,1,0.3569741912847908,0.23054678411483587,0.7694532158851642
256,1,0.1781072886796981,0.35059989660219293,0.6494001033978074
257,1,0.5977207080796347,0.1192980451901037,0.8807019548098964
258,1,0.302230894934173,0.2640581643340271,0.735941835665973
259,1,0.13431859368463772,0.38246841169489526,0.6175315883051048
260,1,0.03462989648799708,0.4640155162398606,0.5359844837601395
261,1,1.049525075597656,0.029731232574479263,0.9702687674255207
262,1,1.2718328481749215,0.014532772591536923,0.9854672274084632
263,1,1.2471375480574007,0.015743650833424182,0.9842563491665757
264,1,1.371064772262403,0.010526626632193163,0.9894733733678067
265,1,1.2195197875807198,0.017215546740534066,0.982784453259466
266,1,0.6344129257155142,0.10716366762144465,0.8928363323785553
267,1,0.9163850538943777,0.045320552762342356,0.9546794472376574
268,1,0.9893979832258281,0.0359970555340589,0.9640029444659413
269,-1,-0.23889888484886032,0.6805331687016047,0.3194668312983951
270,-1,-0.43617403809348043,0.8030672981831646,0.1969327018168355
271,-1,-0.363327201459756,0.7623837954058025,0.23761620459419763
272,1,0.032743767684559485,0.4655622415845964,0.5344377584154035
273,-1,-0.21483940274359012,0.6601123564448288,0.33988764355517126
274,-1,-0.08250092159772829,0.5599747766822634,0.44002522331773664
275,-1,-0.4210857838565701,0.7950944645554554,0.20490553544454462
276,-1,-0.34466404653757243,0.75107642471419,0.24892357528581013
277,-1,-0.1153782624106551,0.5861829710043718,0.41381702899562806
278,-1,-0.40957642680473866,0.7888533613271482,0.21114663867285155
279,-1,-0.05789939613494132,0.5400058757966305,0.4599941242033696
280,1,0.13161615476563776,0.38468870486599854,0.6153112951340013
281,-1,-0.4803370615615568,0.8250500211458616,0.1749499788541382
282,-1,-0.3604833021061159,0.7606838420859534,0.2393161579140466
283,-1,-0.5756203217457833,0.8658299304494733,0.1341700695505268
284,-1,-0.5787487739047488,0.8670216984904295,0.13297830150957055
285,-1,-0.85005322485703,0.938273205985606,0.061726794014393876
286,-1,-1.2348312355464957,0.9823313058239462,0.017668694176053767
287,-1,-1.3259786377324345,0.9869022234804044,0.013097776519595773
288,-1,-1.7726839113337272,0.9969872676818052,0.00301273231819471
289,-1,-1.562504698609757,0.9939832682315278,0.006016731768472157
290,-1,-1.7860688885732185,0.9971171109689396,0.0028828890310603475
291,-1,-1.685074528377573,0.9959803721048089,0.004019627895190982
292,-1,-1.8399903901827839,0.9975859252995608,0.002414074700439249
293,-1,-1.4669991573440417,0.991762000353326,0.008237999646673997
294,-1,-1.412519685127831,0.9901453717771267,0.009854628222873205
295,-1,-1.4480859848913203,0.991233226929784,0.008766773070216031
296,-1,-1.183650338152864,0.9791015596229903,0.020898440377009747
297,-1,-1.5022276078057237,0.9926634601635873,0.007336539836412808
298,-1,-1.5942596238482896,0.994580234544245,0.0054197654557549
299,-1,-1.2985240102362527,0.9856657737474316,0.014334226252568435
300,-1,-1.4096439989951166,0.9900517376577445,0.009948262342255522
301,-1,-1.3432611284745852,0.9876254291406014,0.012374570859398528
302,-1,-1.215470433376984,0.9811724242963878,0.0188275757036121
303,-1,-1.1103965858960039,0.9734363494849076,0.026563650515092307
304,-1,-1.059739449113786,0.9686563078502938,0.031343692149706066
305,-1,-0.9912007538634955,0.9608222306450707,0.03917776935492944
